{"id":"5bcd444b-5f9d-4b1c-8ab0-844c8078d941","createdAt":1769089984106,"updatedAt":1769172783550,"text":"GET _cat/indices?v\r\nGET frono_site_facts/_search\r\n\r\nPUT frono_site_facts\r\n{\r\n  \"settings\": {\r\n    \"number_of_shards\": 1,\r\n    \"number_of_replicas\": 0\r\n  },\r\n  \"mappings\": {\r\n    \"properties\": {\r\n      \"type\": { \"type\": \"keyword\" },\r\n      \"title\": { \"type\": \"text\" },\r\n      \"content\": { \"type\": \"text\" }\r\n    }\r\n  }\r\n}\r\nPOST frono_site_facts/_doc\r\n{\r\n  \"type\": \"about\",\r\n  \"title\": \"About Frono\",\r\n  \"content\": \"Frono is an online store designed to offer a focused and simple shopping experience. We aim to provide clear information, reliable service, and a smooth buying journey for our customers.\"\r\n}\r\n\r\nPOST frono_site_facts/_doc\r\n{\r\n  \"type\": \"shipping\",\r\n  \"title\": \"Shipping Information\",\r\n  \"content\": \"Shipping details depend on the product and delivery location. Customers can view shipping information during checkout or contact support for clarification.\"\r\n}\r\nPOST frono_site_facts/_doc\r\n{\r\n  \"type\": \"returns\",\r\n  \"title\": \"Returns and Support\",\r\n  \"content\": \"Frono provides customer support to assist with orders, returns, and general inquiries. Specific return conditions may vary by product.\"\r\n}\r\nPOST frono_site_facts/_doc\r\n{\r\n  \"type\": \"trust\",\r\n  \"title\": \"Why Choose Frono\",\r\n  \"content\": \"We focus on transparency, accuracy, and customer satisfaction. Our goal is to help customers make informed decisions without pressure.\"\r\n}\r\nDELETE frono_site_facts\r\n\r\nPUT frono_site_facts\r\n{\r\n  \"settings\": {\r\n    \"number_of_shards\": 1,\r\n    \"number_of_replicas\": 0\r\n  },\r\n  \"mappings\": {\r\n    \"properties\": {\r\n      \"type\": { \"type\": \"keyword\" },\r\n      \"title\": { \"type\": \"text\" },\r\n      \"content\": { \"type\": \"text\" },\r\n      \"confidence\": { \"type\": \"integer\" },\r\n      \"source\": { \"type\": \"keyword\" }\r\n    }\r\n  }\r\n}\r\nPOST frono_site_facts/_bulk\r\n{ \"index\": {} }\r\n{ \"type\": \"Business Identity\", \"title\": \"Legal Entity & Ownership\", \"content\": \"The website Frono.uk is the consumer-facing brand of SAANVI (Portchester) Ltd. The company is registered in the UK (Company No. 09197698) and was incorporated in September 2014, with trading history dating back to roughly 2013.\", \"confidence\": 100, \"source\": \"UK Companies House\" }\r\n{ \"index\": {} }\r\n{ \"type\": \"Contact Info\", \"title\": \"Physical & Digital Contact Details\", \"content\": \"Physical Address: 20A Wallace Way, Hitchin, Hertfordshire, SG4 0SE, UK. Email: support@frono.uk. Phone: 07724 402646.\", \"confidence\": 100, \"source\": \"Official Website\" }\r\n{ \"index\": {} }\r\n{ \"type\": \"Technology\", \"title\": \"Platform & Payments\", \"content\": \"The e-commerce storefront is built on the Shopify platform. It accepts standard secure payment methods including PayPal, Visa, Mastercard, and American Express.\", \"confidence\": 95, \"source\": \"Technical Analysis\" }\r\n{ \"index\": {} }\r\n{ \"type\": \"Reputation\", \"title\": \"Marketplace Verification\", \"content\": \"SAANVI (Portchester) Ltd is a verified 'highly ranked' seller on the Tesco Marketplace. They are noted for fast dispatch speeds and low return rates, serving as a strong indicator of legitimacy.\", \"confidence\": 90, \"source\": \"Tesco Marketplace\" }\r\n{ \"index\": {} }\r\n{ \"type\": \"Product Catalog\", \"title\": \"Garden & Outdoor Category\", \"content\": \"The site stocks garden furniture (rattan sofa sets, aluminium dining sets), gazebos, and is a stockist for MSpa hot tub accessories (filters, bladders, surrounds).\", \"confidence\": 95, \"source\": \"Product Catalog\" }\r\n{ \"index\": {} }\r\n{ \"type\": \"Product Catalog\", \"title\": \"Heating & Seasonal Category\", \"content\": \"Seasonal inventory includes winter heating solutions (oil-filled radiators, quartz heaters) and Christmas décor (artificial Alaskan Pine trees, silhouette lights, wreaths).\", \"confidence\": 95, \"source\": \"Product Catalog\" }\r\n{ \"index\": {} }\r\n{ \"type\": \"Policy\", \"title\": \"Shipping & Logistics\", \"content\": \"Standard shipping is generally free to UK mainland addresses. Carriers used include Royal Mail, Evri, and DPD. Typical handling time is 1–2 days.\", \"confidence\": 90, \"source\": \"Terms & Conditions\" }\r\n{ \"index\": {} }\r\n{ \"type\": \"Policy\", \"title\": \"Return Policy\", \"content\": \"Customers have a 30-day return window. Return shipping costs are the customer's responsibility unless the item is faulty. Collection fees may apply for large furniture items.\", \"confidence\": 90, \"source\": \"Terms & Conditions\" }\r\n{ \"index\": {} }\r\n{ \"type\": \"Disambiguation\", \"title\": \"Brand Distinction & Safety\", \"content\": \"Frono.uk is distinct from 'Frono' (Indian ERP software) and 'Furneo' (UK furniture retailer). There is no evidence linking it to scam sites like 'Vorina' or 'Fjorna'.\", \"confidence\": 85, \"source\": \"Context Analysis\" }\r\n\r\nPOST frono_site_facts/_doc\r\n{\r\n  \"type\": \"Policy\",\r\n  \"title\": \"Warranty & Guarantees\",\r\n  \"content\": \"Electrical and branded products sold on Frono.uk typically include a standard manufacturer warranty, commonly one year. Warranty coverage depends on correct usage and maintenance, such as keeping filters clean for hot tub products.\",\r\n  \"confidence\": 90,\r\n  \"source\": \"Product Warranty\"\r\n}\r\n\r\nPOST frono_site_facts/_doc\r\n{\r\n  \"type\": \"Operations\",\r\n  \"title\": \"Service Area\",\r\n  \"content\": \"Frono.uk primarily serves customers within the United Kingdom. Delivery is focused on UK mainland addresses, and availability outside the UK may be limited or unavailable.\",\r\n  \"confidence\": 95,\r\n  \"source\": \"Operations\"\r\n}\r\n\r\nPOST frono_site_facts/_doc\r\n{\r\n  \"type\": \"Support\",\r\n  \"title\": \"Customer Support Scope\",\r\n  \"content\": \"Frono’s customer support assists with pre-purchase questions, order tracking, delivery issues, returns, and general product inquiries.\",\r\n  \"confidence\": 95,\r\n  \"source\": \"Support Policy\"\r\n}\r\n\r\nPOST frono_site_facts/_doc\r\n{\r\n  \"type\": \"Brand\",\r\n  \"title\": \"Brand Values\",\r\n  \"content\": \"Frono focuses on transparency, reliability, and seasonal relevance. The brand aims to provide practical products for UK homes with clear information and dependable service, without unnecessary complexity.\",\r\n  \"confidence\": 90,\r\n  \"source\": \"Brand Positioning\"\r\n}\r\n\r\nPOST frono_site_facts/_doc\r\n{\r\n  \"type\": \"Logistics\",\r\n  \"title\": \"Order Processing Time\",\r\n  \"content\": \"Orders placed on Frono.uk are typically processed within 1–2 working days before dispatch, depending on product availability.\",\r\n  \"confidence\": 90,\r\n  \"source\": \"Operations\"\r\n}\r\n\r\nPOST frono_site_facts/_bulk\r\n{ \"index\": {} }\r\n{ \"type\": \"Product Catalog\", \"title\": \"Home Care & Air Quality\", \"content\": \"The site stocks moisture control solutions, specifically packs of interior dehumidifiers (500ml) sold in bulk (packs of 10, 20, 30, or 40), often marketed alongside their heating range.\", \"confidence\": 95, \"source\": \"Product Catalog\" }\r\n{ \"index\": {} }\r\n{ \"type\": \"Product Catalog\", \"title\": \"Party & Celebration Essentials\", \"content\": \"Beyond Christmas, the inventory includes general party supplies such as metallic table confetti (specifically for milestone birthdays like 18th, 21st, 40th, 50th) and fancy dress costumes (Santa suits, elf hats, reindeer accessories).\", \"confidence\": 90, \"source\": \"Tesco Marketplace / Site Menu\" }\r\n{ \"index\": {} }\r\n{ \"type\": \"Product Catalog\", \"title\": \"Extended Garden Range (BBQ & Pest)\", \"content\": \"The outdoor section extends to BBQ accessories and pest control devices (e.g., mosquito killer lamps), as well as inflatable pools distinct from their hot tub range.\", \"confidence\": 90, \"source\": \"Site Navigation\" }\r\n\r\n\r\nPOST frono_site_facts/_bulk\r\n{ \"index\": {} }\r\n{ \"type\": \"Product Catalog\", \"title\": \"Specialty Lighting\", \"content\": \"Beyond standard fairy lights, the site stocks 'Silhouette Lights' (window/wall mounted shapes like bells and reindeer), 'Rope Lights' for architectural outlining, and 'Pre-lit Twig Trees' (Birch style) available in USB or battery options.\", \"confidence\": 100, \"source\": \"Site Navigation\" }\r\n{ \"index\": {} }\r\n{ \"type\": \"Product Catalog\", \"title\": \"Christmas Interiors & Animation\", \"content\": \"Interior decor includes mechanical 'Tree Train Sets', traditional wooden Nutcrackers, and battery-operated 'Snow Globe Lanterns' (water spinners).\", \"confidence\": 95, \"source\": \"Product Pages\" }\r\n{ \"index\": {} }\r\n{ \"type\": \"Product Catalog\", \"title\": \"Costumes & Wearables\", \"content\": \"The catalog includes a 'Fancy Dress' section featuring full Santa Claus suits, Elf costumes, and accessories like wigs and beards.\", \"confidence\": 95, \"source\": \"Collection Page\" }\r\n{ \"index\": {} }\r\n{ \"type\": \"Product Catalog\", \"title\": \"Exterior Decoration\", \"content\": \"Specific exterior decor items include 'Door Bow Kits' (large fabric bows for front doors) and high-density 'Cluster Lights' for guttering and fences.\", \"confidence\": 95, \"source\": \"Product Pages\" }\r\n{ \"index\": {} }\r\n{ \"type\": \"Product Catalog\", \"title\": \"Storage Solutions\", \"content\": \"They sell specialized storage solutions including 'Wreath Storage Bags' and 'Tree Storage Bags' made from tear-proof material to protect holiday items off-season. They also list glass food storage container sets.\", \"confidence\": 90, \"source\": \"Tesco Marketplace Profile\" }\r\n{ \"index\": {} }\r\n{ \"type\": \"Product Catalog\", \"title\": \"Pest Control & Maintenance\", \"content\": \"The garden range includes functional maintenance items like 'Electric Fly Killers' (UV lamps) and specific garden pesticide sprays.\", \"confidence\": 95, \"source\": \"Collection Page\" }\r\n{ \"index\": {} }\r\n{ \"type\": \"Product Catalog\", \"title\": \"Household Essentials\", \"content\": \"The inventory extends to utility items such as heavy-duty 'Refuse Sacks' (Bin Liners) and 'Foam Mates' (utility/camping mats).\", \"confidence\": 85, \"source\": \"Marketplace & Menu\" }\r\n{ \"index\": {} }\r\n{ \"type\": \"Product Catalog\", \"title\": \"Tree Decorations (Granular)\", \"content\": \"Tree decor is highly granular, featuring 'Shatterproof Baubles', 'Glitter Baubles', 'Tree Toppers', and 'Tree Skirts' as distinct product lines.\", \"confidence\": 100, \"source\": \"Product Pages\" }\r\n\r\nPOST frono_site_facts/_bulk\r\n{ \"index\": {} }\r\n{ \"type\": \"Christmas Taxonomy\", \"title\": \"Christmas Trees (Primary)\", \"content\": \"The core tree range includes 'Pre-lit' vs 'Unlit' options, 'Snow-Flocked' trees for a winter look, and specific shapes like 'Pencil Trees' for narrow spaces. They also stock 'Twig Trees' (Birch style) for tabletop display.\", \"confidence\": 100, \"source\": \"Site Menu\" }\r\n{ \"index\": {} }\r\n{ \"type\": \"Christmas Taxonomy\", \"title\": \"Lighting & Silhouettes\", \"content\": \"A major sub-category is 'Silhouette Lights' (window and wall-mounted shapes like bells/reindeer). The range also includes 'Rope Lights', 'Curtain Lights', and 'LED Parcel Gift Boxes' (light-up floor decorations).\", \"confidence\": 95, \"source\": \"Site Navigation\" }\r\n{ \"index\": {} }\r\n{ \"type\": \"Christmas Taxonomy\", \"title\": \"Baubles & Ornaments\", \"content\": \"Baubles are categorized by finish ('Matte', 'Gloss', 'Glitter') and material ('Glass' vs 'Shatterproof'). They offer specific large sizes (up to 25cm) for commercial or outdoor display.\", \"confidence\": 95, \"source\": \"Product Catalog\" }\r\n{ \"index\": {} }\r\n{ \"type\": \"Christmas Taxonomy\", \"title\": \"Wreaths & Garlands\", \"content\": \"This section covers 'Door Wreaths' (Pine Needle, Berry) and matching 'Garlands' for banisters/mantels. Some come pre-lit with battery-operated LEDs.\", \"confidence\": 95, \"source\": \"Site Menu\" }\r\n{ \"index\": {} }\r\n{ \"type\": \"Christmas Taxonomy\", \"title\": \"Costumes & Wearables\", \"content\": \"Distinct from decor, this includes 'Santa Suits' (full outfits), 'Elf Costumes', 'Wigs & Beards', and novelty items like 'Christmas Themed Glasses'.\", \"confidence\": 90, \"source\": \"Collection Page\" }\r\n{ \"index\": {} }\r\n{ \"type\": \"Christmas Taxonomy\", \"title\": \"Table Top & Animation\", \"content\": \"Includes mechanical 'Tree Trains' that circle the base of the tree, 'Nutcrackers' (traditional wooden figures), and 'Snow Globe Lanterns' (water spinners).\", \"confidence\": 90, \"source\": \"Product Pages\" }\r\n{ \"index\": {} }\r\n{ \"type\": \"Christmas Taxonomy\", \"title\": \"Soft Furnishings & Storage\", \"content\": \"Functional items include 'Tree Skirts' (to hide stands), 'Sacks & Stockings' (Hessian/Jute options), and specialized 'Tree Storage Bags'.\", \"confidence\": 95, \"source\": \"Site Menu\" }\r\n\r\nPOST frono_site_facts/_doc\r\n{\r\n  \"type\": \"Overview\",\r\n  \"title\": \"Frono.uk — Store Overview & Product Range\",\r\n  \"content\": \"Frono.uk is a UK-based e-commerce retailer specialising in home, garden, heating, and seasonal living products. The store offers garden furniture, heating solutions, home care essentials, and a wide seasonal range, including an extensive Christmas collection. Christmas products include artificial trees, lights, decorations, costumes, storage solutions, and interior animations. Frono primarily serves UK mainland customers and focuses on practical, seasonal products for UK homes.\",\r\n  \"confidence\": 100,\r\n  \"source\": \"Internal Summary (Verified)\"\r\n}\r\n\r\nPOST frono_site_facts/_doc\r\n{\r\n  \"type\": \"PRODUCT\",\r\n  \"title\": \"Christmas Products — Category Summary\",\r\n  \"content\": \"Frono.uk offers a wide Christmas range including artificial trees, decorative lights, wreaths, garlands, baubles, silhouette lights, costumes, interior animations, and storage solutions.\",\r\n  \"confidence\": 100,\r\n  \"source\": \"Internal Summary\"\r\n}\r\n"}